{"cameraMode":{"drawMode":0,"name":"Shaded","section":"Shading Mode"},"sceneLighting":true,"audioPlay":false,"sceneViewState":{"showFog":true,"showMaterialUpdate":false,"showSkybox":true,"showFlares":true,"showImageEffects":true,"showParticleSystems":true,"showVisualEffectGraphs":true,"m_FxEnabled":true},"in2DMode":false,"pivot":{"x":55.74476623535156,"y":-14.735095977783204,"z":80.68705749511719},"rotation":{"x":-0.010744021274149418,"y":0.9274678826332092,"z":-0.026727451011538507,"w":-0.37280789017677309},"size":58.828826904296878,"orthographic":true}